민원ID,접수일,처리일,처리상태,행정동,주소,위도,경도,민원내용,접수채널,담당부서,처리결과,신고자연락처,신고자생년,반복신고여부,비고
D1156,26.01.27,26.01.31,완료,숲길동,새올구 숲길동 숲길로 3길 17,37.559714,126.927488,종량제 봉투가 아닌 일반 비닐봉지에 음식물까지 섞어서 버려 놨습니다,전화,환경위생과,계도 조치,010-7872-2165,810503,N,
D1070,2026-02-17,2026-02-21,완료,햇살동,새올구 햇살동 햇살로 9길 73,37.575088,126.953004,박스와 스티로폼이 분리되지 않은 채 쌓여 있습니다,국민신문고,환경위생과,과태료 부과,010-3344-8432,930902,N,
D1020,2026-04-13,2026-04-16,완료,물결동,새올구 물결동 647-11번지,37.547924,126.961589,박스와 스티로폼이 분리되지 않은 채 쌓여 있습니다,모바일앱,환경위생과,수거 후 안내문 부착,010-1633-1834,020520,N,
D1153,2025-09-13,2025-09-19,완료,햇살동,새올구 햇살동 858-22번지,37.545776,126.94865,카페 영업 쓰레기를 종량제 없이 주택가에 버리고 갑니다,모바일앱,환경위생과,과태료 부과,010-3717-1732,610925,N,
D1030,2025년 9월 30일,2025년 10월 2일,완료,들녘동,새올구 들녘동 573-33번지,37.553601,126.923712,수거함 옆에 종량제 봉투가 열 개 넘게 쌓여 있습니다,모바일앱,환경위생과,수거 완료,010-9931-8843,730502,N,
D1172,25.09.25,25.10.01,완료,별빛동,별빛동 재래시장 뒤 골목,37.554351,126.913611,페트병에 내용물이 남은 채로 다른 재활용품과 섞여 있습니다,모바일앱,환경위생과,수거 완료,010-9261-4349,840620,Y,
D1191,2026-01-26,2026-02-01,완료,들녘동,새올구 들녘동 들녘로 6길 18,37.542419,126.923425,재활용과 음식물이 한 봉지에 들어 있어 수거가 안 된 채 방치돼 있습니다,전화,환경위생과,수거 완료,010-2696-3084,780412,N,
D1125,26.03.08,26.03.11,완료,바람동,새올구 바람동 442-26번지,37.519943,126.946661,냄새가 너무 심합니다,방문,환경위생과,과태료 부과,010-6809-1069,021215,N,
D1008,25.10.16,25.10.20,완료,숲길동,숲길동 아파트 후문 수거함,37.570512,126.925624,빨리 좀 치워 주세요,국민신문고,환경위생과,수거 후 안내문 부착,010-5107-1348,790620,Y,
D1137,2026-07-01,2026-07-04,완료,별빛동,별빛동 원룸촌 클린하우스,37.543452,126.926372,지난번에 말한 곳입니다,모바일앱,환경위생과,계도 조치,010-9846-4372,011212,Y,
D1089,2025-12-02,2025-12-13,완료,별빛동,새올구 별빛동 별빛로 16길 19,37.540759,126.907292,또 그 자리입니다,국민신문고,환경위생과,수거 후 안내문 부착,010-1123-1417,950301,N,
D1134,2025/09/10,2025/09/15,완료,노을동,새올구 노을동 노을로 23길 88,,,상가에서 나온 폐식용유 통과 박스가 매일 같은 자리에 쌓입니다,전화,환경위생과,현장 정비,010-5245-4012,831004,N,좌표 미확인
D1080,2026/03/20,2026/03/24,완료,노을동,노을동 빌라 단지 진입로,37.554458,126.899948,유리병과 캔이 종이류와 함께 묶여 있어 수거가 안 됩니다,국민신문고,환경위생과,계도 조치,010-7370-9428,561228,Y,
D1057,2026-02-25,2026-03-03,완료,노을동,새올구 노을동 노을로 24길 72,37.555324,126.893565,박스와 스티로폼이 분리되지 않은 채 쌓여 있습니다,전화,환경위생과,과태료 부과,010-4110-7812,000128,N,
D1014,2025-11-06,,처리중,바람동,새올구 바람동 바람로 24길 5,37.524098,126.91411,인근 식당에서 나온 영업 쓰레기를 주택가 수거함 옆에 내놓습니다,모바일앱,환경위생과,,010-5313-3792,710517,N,
D1096,2026-05-24,,처리중,물결동,새올구 물결동 물결로 6길 34,37.551848,126.933787,냉장고 한 대가 일주일째 그대로 서 있습니다,모바일앱,자원순환과,,010-1724-9232,780507,N,
D1106,2025-09-08,2025-09-09,완료,숲길동,새올구 숲길동 숲길로 7길 21,37.566772,126.904485,새벽 두 시쯤 차를 세우고 쓰레기만 버리고 갑니다,구청 홈페이지,환경위생과,수거 후 안내문 부착,010-5133-9987,000423,N,
D1149,2025-10-31,,처리중,바람동,새올구 바람동 564-24번지,37.516742,126.928229,인근 식당에서 나온 영업 쓰레기를 주택가 수거함 옆에 내놓습니다,전화,환경위생과,,010-2512-4084,860127,N,
D1071,2026-04-11,2026-04-14,완료,숲길동,새올구 숲길동 숲길로 6길 55,,,소파와 매트리스를 배출 스티커 없이 길가에 내놨습니다,전화,자원순환과,수거 완료,010-1954-4987,000908,N,좌표 미확인
D1015,2025년 12월 29일,2026년 1월 2일,완료,숲길동,새올구 숲길동 518-22번지,37.57063,126.925202,인근 식당에서 나온 영업 쓰레기를 주택가 수거함 옆에 내놓습니다,모바일앱,환경위생과,계도 조치,010-7756-8382,760803,Y,
D1173,2026-07-29,2026-08-12,완료,노을동,새올구 노을동 722-9번지,37.545751,126.910922,냉장고 한 대가 일주일째 그대로 서 있습니다,방문,자원순환과,현장 정비,010-4814-3289,970128,N,
D1115,2026/03/28,,처리중,숲길동,숲길동 초등학교 담장길,37.560258,126.915218,재활용과 음식물이 한 봉지에 들어 있어 수거가 안 된 채 방치돼 있습니다,전화,환경위생과,,010-1035-9513,740412,Y,
D1003,2025-09-13,2025-09-17,완료,별빛동,새올구 별빛동 592-38번지,37.540422,126.917426,종량제 봉투가 아닌 일반 비닐봉지에 음식물까지 섞어서 버려 놨습니다,구청 홈페이지,환경위생과,과태료 부과,010-9967-5499,840103,Y,
D1082,2026-02-20,2026-02-23,완료,,새올구 노을동 노을로 9길 49,37.544798,126.907322,장롱과 책상이 스티커 없이 버려져 통행에 방해가 됩니다,전화,자원순환과,계도 조치,010-5066-5901,831111,N,
D1124,2025-11-19,,처리중,노을동,새올구 노을동 704-39번지,,,냄새가 너무 심합니다,방문,환경위생과,,010-7928-3446,741116,N,좌표 미확인
D1131,2025/11/22,2025/11/23,완료,들녘동,새올구 들녘동 들녘로 13길 85,37.539263,126.950919,빨리 좀 치워 주세요,국민신문고,환경위생과,수거 후 안내문 부착,010-6894-2883,020210,N,
D1072,2025-10-17,2025-10-31,완료,숲길동,새올구 숲길동 숲길로 1길 22,37.574441,126.913529,재활용과 음식물이 한 봉지에 들어 있어 수거가 안 된 채 방치돼 있습니다,모바일앱,환경위생과,과태료 부과,010-9339-4920,970627,N,
D1139,2025-10-05,2025-10-14,완료,노을동,노을동 대학가 원룸 밀집지,37.557794,126.91375,분리수거함이 넘쳐서 주변 바닥까지 쌓였습니다,구청 홈페이지,환경위생과,계도 조치,010-6454-2657,870614,N,
D9001,2026-01-11,,접수,들녘동,새올구 들녘동 826-23번지,37.553075,126.94239,새벽 두 시쯤 차를 세우고 쓰레기만 버리고 갑니다,구청 홈페이지,환경위생과,,010-9948-1530,600411,N,
D1140,2025년 10월 30일,2025년 11월 3일,완료,별빛동,별빛동 재래시장 뒤 골목,37.554191,126.913984,분리수거함이 넘쳐서 주변 바닥까지 쌓였습니다,전화,환경위생과,과태료 부과,010-3655-1070,780210,Y,
D1157,2026-03-23,2026-03-30,완료,물결동,새올구 물결동 물결로 11길 3,37.533612,126.952388,새벽 두 시쯤 차를 세우고 쓰레기만 버리고 갑니다,모바일앱,환경위생과,과태료 부과,010-6121-3679,910117,Y,
D1073,2026-06-08,2026-06-17,완료,별빛동,새올구 별빛동 별빛로 21길 26,37.540595,126.939383,카페 영업 쓰레기를 종량제 없이 주택가에 버리고 갑니다,전화,환경위생과,수거 완료,010-6108-6988,660827,Y,
D1074,2026/03/12,2026/03/21,완료,바람동,바람동 공영주차장 경계,37.527795,126.935427,확인 바랍니다,구청 홈페이지,환경위생과,수거 후 안내문 부착,010-4756-3218,641013,N,
D1184,2026년 5월 18일,2026년 5월 22일,완료,물결동,새올구 물결동 물결로 6길 37,37.555533,126.947187,분리수거함이 넘쳐서 주변 바닥까지 쌓였습니다,국민신문고,환경위생과,현장 정비,010-5918-5054,930615,N,
D1059,25.10.30,25.11.05,완료,들녘동,들녘동 먹자골목 뒤편,37.543806,126.935762,소파와 매트리스를 배출 스티커 없이 길가에 내놨습니다,구청 홈페이지,자원순환과,과태료 부과,010-9875-1533,660626,N,
D1166,2026년 3월 9일,2026년 3월 15일,완료,들녘동,새올구 들녘동 482-23번지,37.52471,126.960229,소파와 매트리스를 배출 스티커 없이 길가에 내놨습니다,구청 홈페이지,자원순환과,과태료 부과,010-5533-4217,980114,N,
D1164,26.07.14,26.07.21,완료,숲길동,숲길동 아파트 후문 수거함,37.570745,126.925217,인근 식당에서 나온 영업 쓰레기를 주택가 수거함 옆에 내놓습니다,구청 홈페이지,환경위생과,과태료 부과,010-9234-7062,740722,N,
D1043,2026-05-07,2026-05-10,완료,바람동,새올구 바람동 바람로 2길 2,37.527491,126.946492,카페 영업 쓰레기를 종량제 없이 주택가에 버리고 갑니다,전화,환경위생과,수거 후 안내문 부착,010-1964-4345,760823,N,
D1180,2026-01-17,,처리중,햇살동,새올구 햇살동 548-6번지,37.571547,126.935223,밤마다 같은 자리에 봉투가 쌓이는데 낮에는 아무도 없습니다,구청 홈페이지,환경위생과,,010-9142-9134,910915,Y,
D1190,2025/12/05,2025/12/10,완료,별빛동,별빛동 재래시장 뒤 골목,37.554453,126.913903,수거함 문이 닫히지 않을 만큼 차 있는데 며칠째 수거가 안 됩니다,구청 홈페이지,환경위생과,계도 조치,010-2791-6908,041023,Y,
D1076,2026-08-31,2026-08-31,완료,노을동,노을동 빌라 단지 진입로,37.554107,126.899699,소파와 매트리스를 배출 스티커 없이 길가에 내놨습니다,구청 홈페이지,자원순환과,수거 완료,010-6084-4502,810114,Y,
D1044,2026-02-21,2026-02-24,완료,들녘동,새올구 들녘동 들녘로 5길 19,37.553734,126.955588,재활용과 음식물이 한 봉지에 들어 있어 수거가 안 된 채 방치돼 있습니다,구청 홈페이지,환경위생과,현장 정비,010-8275-4818,640802,N,
D1122,2025-09-20,2025-10-01,완료,물결동,물결동 하천 산책로 입구,37.551618,126.947556,새벽 두 시쯤 차를 세우고 쓰레기만 버리고 갑니다,국민신문고,환경위생과,현장 정비,010-9990-2043,700614,Y,
D1037,2025년 11월 9일,2025년 11월 11일,완료,바람동,바람동 공영주차장 경계,37.527511,126.934823,냉장고 한 대가 일주일째 그대로 서 있습니다,국민신문고,자원순환과,수거 완료,010-8488-2688,840824,Y,
D1031,2025-12-17,,처리중,노을동,새올구 노을동 노을로 13길 45,37.562455,126.911901,빨리 좀 치워 주세요,방문,환경위생과,,010-1498-3949,960428,N,
D1040,2026/04/11,2026/04/16,완료,별빛동,새올구 별빛동 723-35번지,37.55704,126.922999,카페 영업 쓰레기를 종량제 없이 주택가에 버리고 갑니다,국민신문고,환경위생과,현장 정비,010-6690-6504,640405,N,
D1066,2026/02/07,2026/02/21,완료,별빛동,별빛동 상가 이면도로,37.540258,126.917444,분리수거함이 넘쳐서 주변 바닥까지 쌓였습니다,국민신문고,환경위생과,과태료 부과,010-4957-8266,800912,N,
D1138,2026년 7월 12일,2026년 7월 31일,완료,노을동,새올구 노을동 노을로 1길 81,37.566391,126.925537,유리병과 캔이 종이류와 함께 묶여 있어 수거가 안 됩니다,전화,환경위생과,계도 조치,010-9778-3734,950521,N,
D1138,2026년 7월 12일,2026년 7월 31일,완료,노을동,새올구 노을동 노을로 1길 81,37.566391,126.925537,유리병과 캔이 종이류와 함께 묶여 있어 수거가 안 됩니다,전화,환경위생과,계도 조치,010-9778-3734,950521,N,
D1175,2026-08-30,,처리중,별빛동,새올구 별빛동 370-30번지,37.548257,126.920866,새벽 두 시쯤 차를 세우고 쓰레기만 버리고 갑니다,모바일앱,환경위생과,,010-4431-9529,680912,N,
D1009,2026-03-21,,접수,물결동,물결동 전통시장 주차장,37.54054,126.958767,분리수거함이 넘쳐서 주변 바닥까지 쌓였습니다,구청 홈페이지,환경위생과,,010-9027-6837,660811,N,
D9006,2026/07/24,2026/07/27,완료,별빛동,별빛동 고가교 하부,37.55709,126.923375,인근 식당에서 나온 영업 쓰레기를 주택가 수거함 옆에 내놓습니다,구청 홈페이지,환경위생과,수거 후 안내문 부착,010-3574-5770,800708,Y,
D1127,2026년 5월 18일,2026년 6월 1일,완료,햇살동,새올구 햇살동 376-36번지,37.560241,126.935241,재활용과 음식물이 한 봉지에 들어 있어 수거가 안 된 채 방치돼 있습니다,구청 홈페이지,환경위생과,수거 후 안내문 부착,010-7770-4204,610810,N,
D1062,2026-07-26,2026-07-29,완료,숲길동,새올구 숲길동 212-27번지,37.559478,126.936438,장롱과 책상이 스티커 없이 버려져 통행에 방해가 됩니다,전화,자원순환과,계도 조치,010-4623-9112,740209,N,
D1052,2026-04-27,2026-05-03,완료,별빛동,새올구 별빛동 별빛로 12길 22,37.551091,126.929582,수거함 문이 닫히지 않을 만큼 차 있는데 며칠째 수거가 안 됩니다,구청 홈페이지,환경위생과,계도 조치,010-1785-1449,880327,N,
D1004,2026-06-22,,접수,들녘동,새올구 들녘동 들녘로 24길 16,37.531623,126.941628,심야에 오토바이로 와서 버리고 가는 모습을 여러 번 봤습니다,국민신문고,환경위생과,,010-6852-2695,660419,N,
D1032,25.09.03,25.09.08,완료,물결동,새올구 물결동 물결로 18길 57,37.548415,126.97055,재활용과 음식물이 한 봉지에 들어 있어 수거가 안 된 채 방치돼 있습니다,전화,환경위생과,현장 정비,010-1595-3787,830813,N,
D1110,26.07.05,26.07.10,완료,별빛동,새올구 별빛동 별빛로 16길 48,,,냉장고 한 대가 일주일째 그대로 서 있습니다,구청 홈페이지,자원순환과,현장 정비,010-7688-4933,580326,N,좌표 미확인
D1035,26.06.16,,접수,,새올구 바람동 바람로 2길 44,37.530774,126.923374,냄새가 너무 심합니다,전화,환경위생과,,010-6841-7334,750301,N,
D1104,2026-02-15,,접수,들녘동,새올구 들녘동 619-10번지,37.538933,126.932513,재활용과 음식물이 한 봉지에 들어 있어 수거가 안 된 채 방치돼 있습니다,전화,환경위생과,,010-1592-7020,950222,Y,
D1048,2026/01/26,,처리중,노을동,새올구 노을동 노을로 9길 47,37.555947,126.921396,재활용과 음식물이 한 봉지에 들어 있어 수거가 안 된 채 방치돼 있습니다,전화,환경위생과,,010-9703-5791,701123,N,
D1041,2026-06-21,2026-06-24,완료,별빛동,별빛동 일대,37.540501,126.934457,카페 영업 쓰레기를 종량제 없이 주택가에 버리고 갑니다,국민신문고,환경위생과,계도 조치,010-9589-9346,770307,N,
D9002,2026-02-25,2026-03-03,완료,노을동,새올구 노을동 노을로 24길 72,37.555324,126.893565,박스와 스티로폼이 분리되지 않은 채 쌓여 있습니다,전화,환경위생과,과태료 부과,010-4110-7812,000128,N,
D1069,2026-04-05,2026-04-09,완료,노을동,새올구 노을동 692-37번지,37.555853,126.902553,심야에 오토바이로 와서 버리고 가는 모습을 여러 번 봤습니다,전화,환경위생과,수거 후 안내문 부착,010-6741-2452,990302,N,
D1192,2026-03-15,2026-03-18,완료,바람동,새올구 바람동 바람로 24길 33,37.538288,126.937516,심야에 오토바이로 와서 버리고 가는 모습을 여러 번 봤습니다,전화,환경위생과,계도 조치,010-5003-3984,941011,N,
D1007,2026-07-24,2026-07-26,완료,바람동,새올구 바람동 845-34번지,37.520298,126.936875,박스와 스티로폼이 분리되지 않은 채 쌓여 있습니다,구청 홈페이지,환경위생과,과태료 부과,010-8579-8416,550720,N,
D1145,2026-01-13,2026-01-22,완료,별빛동,새올구 별빛동 120-15번지,37.556837,126.923481,심야에 오토바이로 와서 버리고 가는 모습을 여러 번 봤습니다,국민신문고,환경위생과,수거 후 안내문 부착,010-4063-6356,801012,Y,
D1117,26.01.25,26.01.27,완료,햇살동,새올구 햇살동 438-37번지,37.566858,126.938903,유리병과 캔이 종이류와 함께 묶여 있어 수거가 안 됩니다,국민신문고,환경위생과,계도 조치,010-2567-9689,860421,Y,
D9007,2026/02/10,,접수,노을동,새올구 노을동 노을로 2길 85,37.56618,126.89826,장롱과 책상이 스티커 없이 버려져 통행에 방해가 됩니다,모바일앱,자원순환과,,010-7064-8725,820323,N,
D1177,2026-06-04,2026-06-10,완료,별빛동,별빛동 상가 이면도로,37.540599,126.91765,심야에 오토바이로 와서 버리고 가는 모습을 여러 번 봤습니다,전화,환경위생과,과태료 부과,010-9613-8007,720709,Y,
D1042,2026년 5월 31일,2026년 6월 2일,완료,별빛동,새올구 별빛동 별빛로 11길 69,37.551255,126.902809,밤마다 같은 자리에 봉투가 쌓이는데 낮에는 아무도 없습니다,모바일앱,환경위생과,계도 조치,010-5521-4819,870121,N,
D1056,26.04.01,,처리중,숲길동,새올구 숲길동 134-23번지,37.556268,126.936106,인근 식당에서 나온 영업 쓰레기를 주택가 수거함 옆에 내놓습니다,전화,환경위생과,,010-6028-6679,570605,N,
D1050,2026/05/25,2026/05/29,완료,노을동,새올구 노을동 254-27번지,37.55776,126.913396,새벽 두 시쯤 차를 세우고 쓰레기만 버리고 갑니다,국민신문고,환경위생과,계도 조치,010-8210-9012,950215,Y,
D1174,2026-01-13,2026-01-17,완료,별빛동,새올구 별빛동 520-40번지,37.537321,126.907386,,전화,자원순환과,계도 조치,010-3265-8030,830810,N,
D1154,26.08.17,26.08.22,완료,노을동,새올구 노을동 610-29번지,37.545881,126.910496,냄새가 너무 심합니다,전화,환경위생과,수거 후 안내문 부착,010-9850-2144,671206,Y,
D1160,2026-07-20,2026-08-08,완료,별빛동,새올구 별빛동 별빛로 9길 28,37.547779,126.939421,인근 식당에서 나온 영업 쓰레기를 주택가 수거함 옆에 내놓습니다,국민신문고,환경위생과,과태료 부과,010-1970-7733,601023,N,
D1039,2026/08/23,2026/08/26,완료,별빛동,새올구 별빛동 별빛로 17길 19,37.551728,126.939464,인근 식당에서 나온 영업 쓰레기를 주택가 수거함 옆에 내놓습니다,전화,환경위생과,현장 정비,010-8387-1870,740711,N,
D1168,2026-05-23,2026-06-11,완료,노을동,새올구 노을동 273-8번지,37.54583,126.910447,,전화,자원순환과,수거 완료,010-4542-3023,791216,N,
D1078,2026년 1월 26일,2026년 1월 27일,완료,별빛동,별빛동 재래시장 뒤 골목,37.554126,126.913965,냉장고 한 대가 일주일째 그대로 서 있습니다,구청 홈페이지,자원순환과,수거 후 안내문 부착,010-2213-5690,590905,N,
D1058,25.10.28,25.10.26,완료,햇살동,햇살동 마을버스 종점,37.567157,126.938865,소파와 매트리스를 배출 스티커 없이 길가에 내놨습니다,전화,자원순환과,수거 완료,010-3530-7210,970309,N,
D1146,2025-09-25,2025-09-27,완료,별빛동,별빛동 원룸촌 클린하우스,37.543384,126.92638,장롱과 책상이 스티커 없이 버려져 통행에 방해가 됩니다,모바일앱,자원순환과,수거 후 안내문 부착,010-3337-7120,550228,Y,
D1054,2026-01-16,2026-01-21,완료,숲길동,새올구 숲길동 숲길로 19길 69,37.556123,126.899971,장롱과 책상이 스티커 없이 버려져 통행에 방해가 됩니다,구청 홈페이지,자원순환과,현장 정비,010-1652-1356,980319,N,
D1045,2025-12-25,2025-12-27,완료,,새올구 들녘동 731-38번지,37.546492,126.94219,페트병에 내용물이 남은 채로 다른 재활용품과 섞여 있습니다,구청 홈페이지,환경위생과,수거 후 안내문 부착,010-4515-1842,570928,N,
D1143,2026년 5월 18일,,처리중,숲길동,새올구 숲길동 숲길로 23길 33,37.570769,126.925412,심야에 오토바이로 와서 버리고 가는 모습을 여러 번 봤습니다,전화,환경위생과,,010-8104-6388,900622,N,
D1162,2026-03-28,2026-04-11,완료,별빛동,새올구 별빛동 별빛로 14길 38,,,소파와 매트리스를 배출 스티커 없이 길가에 내놨습니다,국민신문고,자원순환과,수거 완료,010-6668-6255,550812,Y,좌표 미확인
D1046,2026-07-23,2026-07-24,완료,별빛동,별빛동 고가교 하부,37.556956,126.923157,또 그 자리입니다,모바일앱,자원순환과,수거 완료,010-9544-2987,941103,Y,
D1085,2026-07-29,2026-08-05,완료,별빛동,별빛동 근린공원 후문,37.551154,126.929561,규격 봉투를 안 쓰고 마대에 담아 그대로 내놨습니다,방문,환경위생과,과태료 부과,010-5693-7599,741225,N,
D1186,2026-07-01,,접수,노을동,노을동 버스 회차지 옆,37.54593,126.910713,밤마다 같은 자리에 봉투가 쌓이는데 낮에는 아무도 없습니다,모바일앱,환경위생과,,010-5278-8716,591022,N,
D1019,2026/01/13,2026/01/19,완료,별빛동,별빛동 일대,37.544596,126.906949,수거함 문이 닫히지 않을 만큼 차 있는데 며칠째 수거가 안 됩니다,전화,환경위생과,계도 조치,010-9271-2036,570715,N,
D1081,2026-01-25,,접수,노을동,노을동 일대,37.562811,126.893786,냉장고 한 대가 일주일째 그대로 서 있습니다,방문,자원순환과,,010-6321-6182,890504,N,
D1119,2026-06-16,,처리중,물결동,새올구 물결동 물결로 22길 46,37.558582,126.95682,카페 영업 쓰레기를 종량제 없이 주택가에 버리고 갑니다,구청 홈페이지,환경위생과,,010-7271-8656,860515,N,
D1013,2026년 5월 10일,2026년 5월 17일,완료,별빛동,별빛동 근린공원 후문,37.551023,126.929459,장롱과 책상이 스티커 없이 버려져 통행에 방해가 됩니다,모바일앱,자원순환과,계도 조치,010-4911-8049,741122,Y,
D1153,2025-09-13,2025-09-19,완료,햇살동,새올구 햇살동 858-22번지,37.545776,126.94865,카페 영업 쓰레기를 종량제 없이 주택가에 버리고 갑니다,모바일앱,환경위생과,과태료 부과,010-3717-1732,610925,N,
D1144,26.03.02,26.03.05,완료,별빛동,새올구 별빛동 별빛로 2길 37,37.543198,126.926222,새벽 두 시쯤 차를 세우고 쓰레기만 버리고 갑니다,국민신문고,환경위생과,수거 후 안내문 부착,010-2890-5849,030713,Y,
D1176,2026-05-14,2026-05-17,완료,별빛동,새올구 별빛동 630-24번지,37.533822,126.930087,또 그 자리입니다,전화,환경위생과,수거 완료,010-5505-2881,890918,N,
D1060,2026-06-18,2026-06-20,완료,별빛동,별빛동 원룸촌 클린하우스,37.542935,126.926459,너무 지저분합니다,구청 홈페이지,환경위생과,계도 조치,010-3536-8256,910813,N,
D1185,2026년 7월 11일,2026년 7월 13일,완료,들녘동,새올구 들녘동 들녘로 23길 32,37.553451,126.960712,수거함 옆에 종량제 봉투가 열 개 넘게 쌓여 있습니다,전화,환경위생과,수거 후 안내문 부착,010-6792-7094,871012,N,
D1093,2026/02/06,2026/02/09,완료,바람동,새올구 바람동 바람로 16길 72,37.523774,126.946429,카페 영업 쓰레기를 종량제 없이 주택가에 버리고 갑니다,구청 홈페이지,환경위생과,현장 정비,010-6647-1214,870425,N,
D1181,2025-09-12,2025-09-14,완료,노을동,새올구 노을동 노을로 5길 62,37.541026,126.898351,종량제 봉투가 아닌 일반 비닐봉지에 음식물까지 섞어서 버려 놨습니다,국민신문고,환경위생과,수거 후 안내문 부착,010-2001-1791,621015,N,
D1098,25.11.13,25.11.17,완료,바람동,새올구 바람동 731-33번지,37.531038,126.91852,냉장고 한 대가 일주일째 그대로 서 있습니다,구청 홈페이지,자원순환과,현장 정비,010-9050-6333,550913,N,
D1182,2026/06/21,2026/06/22,완료,물결동,새올구 물결동 661-23번지,37.537485,126.947201,규격 봉투를 안 쓰고 마대에 담아 그대로 내놨습니다,국민신문고,환경위생과,현장 정비,010-1625-9471,570414,N,
D1113,2026/08/07,2026/08/10,완료,숲길동,새올구 숲길동 숲길로 16길 26,37.552321,126.903832,수거함 문이 닫히지 않을 만큼 차 있는데 며칠째 수거가 안 됩니다,구청 홈페이지,환경위생과,수거 후 안내문 부착,010-1320-6002,580527,N,
D1121,2026년 6월 10일,2026년 6월 17일,완료,바람동,새올구 바람동 208-33번지,37.52749,126.935296,냉장고 한 대가 일주일째 그대로 서 있습니다,전화,자원순환과,수거 완료,010-3580-2241,550615,Y,
D1047,2026-06-09,2026-06-12,완료,별빛동,별빛동 근린공원 후문,37.550956,126.929788,분리수거함이 넘쳐서 주변 바닥까지 쌓였습니다,국민신문고,환경위생과,계도 조치,010-5067-4116,811016,Y,
D1006,2026-01-06,2026-01-09,완료,들녘동,들녘동 먹자골목 뒤편,37.543944,126.935886,인근 식당에서 나온 영업 쓰레기를 주택가 수거함 옆에 내놓습니다,전화,환경위생과,현장 정비,010-1945-6282,641213,Y,
D1141,2026-04-09,2026-04-11,완료,숲길동,새올구 숲길동 750-21번지,37.566669,126.913576,페트병에 내용물이 남은 채로 다른 재활용품과 섞여 있습니다,전화,환경위생과,수거 후 안내문 부착,010-5375-7876,680312,N,
D1108,2026-04-29,2026-05-03,완료,바람동,새올구 바람동 바람로 1길 39,37.534579,126.928008,새벽 두 시쯤 차를 세우고 쓰레기만 버리고 갑니다,모바일앱,환경위생과,현장 정비,010-2524-4120,830424,N,
D1027,2026/06/26,,처리중,노을동,새올구 노을동 노을로 16길 57,37.554401,126.899432,인근 식당에서 나온 영업 쓰레기를 주택가 수거함 옆에 내놓습니다,모바일앱,환경위생과,,010-9220-5088,610905,N,
D1010,2026-02-20,2026-02-23,완료,햇살동,새올구 햇살동 햇살로 15길 2,,,또 그 자리입니다,모바일앱,환경위생과,과태료 부과,010-8383-9264,670226,N,좌표 미확인
D1002,2026-03-27,2026-04-03,완료,들녘동,새올구 들녘동 587-19번지,37.539122,126.960631,소파와 매트리스를 배출 스티커 없이 길가에 내놨습니다,전화,자원순환과,현장 정비,010-9794-3026,841224,N,
D1053,26.03.28,26.04.03,완료,노을동,노을동 빌라 단지 진입로,37.554627,126.899424,카페 영업 쓰레기를 종량제 없이 주택가에 버리고 갑니다,방문,환경위생과,현장 정비,010-8443-3613,940613,Y,
D1091,2025-10-28,2025-10-31,완료,햇살동,햇살동 마을버스 종점,37.567151,126.939193,박스와 스티로폼이 분리되지 않은 채 쌓여 있습니다,구청 홈페이지,환경위생과,수거 완료,010-1570-9774,670416,N,
D1087,2026-05-05,,처리중,숲길동,숲길동 일대,37.581338,126.913609,새벽 두 시쯤 차를 세우고 쓰레기만 버리고 갑니다,국민신문고,환경위생과,,010-2942-6752,790528,N,
D1025,26.04.18,26.04.19,완료,숲길동,새올구 숲길동 숲길로 17길 60,37.57427,126.899545,새벽 두 시쯤 차를 세우고 쓰레기만 버리고 갑니다,국민신문고,환경위생과,수거 후 안내문 부착,010-7759-6512,980417,N,
D1002,2026-03-27,2026-04-03,완료,들녘동,새올구 들녘동 587-19번지,37.539122,126.960631,소파와 매트리스를 배출 스티커 없이 길가에 내놨습니다,전화,자원순환과,현장 정비,010-9794-3026,841224,N,
D1100,2026-01-07,2026-01-11,완료,햇살동,새올구 햇살동 햇살로 19길 42,37.571054,126.948462,확인 바랍니다,전화,환경위생과,과태료 부과,010-7612-9112,550119,N,
D1021,2026-07-08,2026-07-09,완료,별빛동,별빛동 재래시장 뒤 골목,37.554385,126.913804,카페 영업 쓰레기를 종량제 없이 주택가에 버리고 갑니다,모바일앱,환경위생과,계도 조치,010-7891-3265,920701,Y,
D1105,2026-01-25,,처리중,노을동,노을동 대학가 원룸 밀집지,37.557502,126.91343,상가에서 나온 폐식용유 통과 박스가 매일 같은 자리에 쌓입니다,구청 홈페이지,환경위생과,,010-2727-5820,811228,Y,
D1189,2026-07-29,2026-08-01,완료,별빛동,새올구 별빛동 별빛로 16길 77,37.554169,126.913614,새벽 두 시쯤 차를 세우고 쓰레기만 버리고 갑니다,전화,환경위생과,수거 후 안내문 부착,010-6674-2047,900422,N,
D1094,2026-04-01,2026-04-04,완료,별빛동,별빛동 재래시장 뒤 골목,37.553982,126.914083,새벽 두 시쯤 차를 세우고 쓰레기만 버리고 갑니다,국민신문고,환경위생과,과태료 부과,010-8804-8498,780910,Y,
D1188,2025/09/30,2025/10/05,완료,별빛동,별빛동 원룸촌 클린하우스,37.543487,126.926404,유리병과 캔이 종이류와 함께 묶여 있어 수거가 안 됩니다,국민신문고,환경위생과,수거 후 안내문 부착,010-5276-1778,600806,Y,
D1165,2025-11-24,2025-11-29,완료,들녘동,새올구 들녘동 들녘로 11길 1,37.535589,126.927839,밤마다 같은 자리에 봉투가 쌓이는데 낮에는 아무도 없습니다,방문,환경위생과,계도 조치,010-2805-8219,831117,N,
D1191,2026-01-26,2026-02-01,완료,들녘동,새올구 들녘동 들녘로 6길 18,37.542419,126.923425,재활용과 음식물이 한 봉지에 들어 있어 수거가 안 된 채 방치돼 있습니다,전화,환경위생과,수거 완료,010-2696-3084,780412,N,
D1085,2026-07-29,2026-08-05,완료,별빛동,별빛동 근린공원 후문,37.551154,126.929561,규격 봉투를 안 쓰고 마대에 담아 그대로 내놨습니다,방문,환경위생과,과태료 부과,010-5693-7599,741225,N,
D1016,26.02.11,26.02.14,완료,바람동,새올구 바람동 바람로 17길 81,37.537978,126.941952,새벽 두 시쯤 차를 세우고 쓰레기만 버리고 갑니다,모바일앱,환경위생과,수거 후 안내문 부착,010-1920-9735,010904,N,
D9005,2026년 5월 10일,2026년 5월 17일,완료,별빛동,별빛동 근린공원 후문,37.551023,126.929459,장롱과 책상이 스티커 없이 버려져 통행에 방해가 됩니다,모바일앱,자원순환과,계도 조치,010-4911-8049,741122,Y,
D1187,2025-09-20,2025-09-26,완료,들녘동,들녘동 먹자골목 뒤편,37.544073,126.935531,확인 바랍니다,국민신문고,자원순환과,수거 완료,010-8847-1551,900816,Y,
D1133,2026-03-18,2026-03-21,완료,숲길동,새올구 숲길동 숲길로 5길 30,37.581527,126.908576,수거함 옆에 종량제 봉투가 열 개 넘게 쌓여 있습니다,구청 홈페이지,환경위생과,수거 후 안내문 부착,010-9385-4146,750624,N,
D1004,2026-06-22,,접수,들녘동,새올구 들녘동 들녘로 24길 16,37.531623,126.941628,심야에 오토바이로 와서 버리고 가는 모습을 여러 번 봤습니다,국민신문고,환경위생과,,010-6852-2695,660419,N,
D1086,2026/02/10,,접수,노을동,새올구 노을동 노을로 2길 85,37.56618,126.89826,장롱과 책상이 스티커 없이 버려져 통행에 방해가 됩니다,모바일앱,자원순환과,,010-7064-8725,820323,N,
D1099,2026년 5월 11일,2026년 5월 25일,완료,물결동,새올구 물결동 물결로 13길 51,37.555392,126.970685,규격 봉투를 안 쓰고 마대에 담아 그대로 내놨습니다,구청 홈페이지,환경위생과,수거 완료,010-4162-3778,860901,N,
D1088,2025/11/26,2025/11/29,완료,별빛동,새올구 별빛동 별빛로 20길 59,37.551539,126.911697,민원 접수,전화,환경위생과,과태료 부과,010-2516-5231,951004,N,
D1034,25.12.11,25.12.17,완료,바람동,새올구 바람동 바람로 24길 1,37.545113,126.923537,소파와 매트리스를 배출 스티커 없이 길가에 내놨습니다,전화,자원순환과,과태료 부과,010-5736-8236,980905,N,
D1092,2026-05-13,2026-05-20,완료,바람동,새올구 바람동 126-14번지,37.516863,126.909632,재활용과 음식물이 한 봉지에 들어 있어 수거가 안 된 채 방치돼 있습니다,방문,환경위생과,계도 조치,010-7195-9210,890624,N,
D1118,2026-01-30,,처리중,노을동,노을동 버스 회차지 옆,37.545807,126.910385,상가에서 나온 폐식용유 통과 박스가 매일 같은 자리에 쌓입니다,국민신문고,환경위생과,,010-2097-5609,770606,Y,
D1017,25.12.08,25.12.14,완료,햇살동,새올구 햇살동 671-20번지,37.55301,126.921438,규격 봉투를 안 쓰고 마대에 담아 그대로 내놨습니다,전화,환경위생과,수거 완료,010-3241-6269,990926,N,
D1136,2025-09-01,2025-09-05,완료,물결동,새올구 물결동 물결로 3길 77,37.540514,126.958456,밤마다 같은 자리에 봉투가 쌓이는데 낮에는 아무도 없습니다,구청 홈페이지,환경위생과,계도 조치,010-5270-1619,940620,Y,
D1075,2025-11-13,2025-11-15,완료,숲길동,새올구 숲길동 145-37번지,37.560012,126.915425,유리병과 캔이 종이류와 함께 묶여 있어 수거가 안 됩니다,모바일앱,환경위생과,현장 정비,010-2591-8733,801108,N,
D1084,2026-04-25,2026-04-27,완료,별빛동,별빛동 원룸촌 클린하우스,37.543291,126.926424,장롱과 책상이 스티커 없이 버려져 통행에 방해가 됩니다,구청 홈페이지,자원순환과,계도 조치,010-5225-9631,600222,Y,
D1049,2025-12-05,2025-12-06,완료,,새올구 물결동 물결로 20길 8,37.537223,126.95627,규격 봉투를 안 쓰고 마대에 담아 그대로 내놨습니다,구청 홈페이지,환경위생과,수거 완료,010-3797-6147,580715,N,
D1155,2026-05-20,2026-05-24,완료,물결동,새올구 물결동 물결로 21길 9,37.544566,126.942784,재활용과 음식물이 한 봉지에 들어 있어 수거가 안 된 채 방치돼 있습니다,모바일앱,환경위생과,현장 정비,010-5965-8040,670409,N,
D1150,2026-07-22,2026-07-29,완료,들녘동,새올구 들녘동 들녘로 3길 72,37.544044,126.936149,냉장고 한 대가 일주일째 그대로 서 있습니다,국민신문고,자원순환과,계도 조치,010-7077-9877,690507,N,
D1059,25.10.30,25.11.05,완료,들녘동,들녘동 먹자골목 뒤편,37.543806,126.935762,소파와 매트리스를 배출 스티커 없이 길가에 내놨습니다,구청 홈페이지,자원순환과,과태료 부과,010-9875-1533,660626,N,
D1094,2026-04-01,2026-04-04,완료,별빛동,별빛동 재래시장 뒤 골목,37.553982,126.914083,새벽 두 시쯤 차를 세우고 쓰레기만 버리고 갑니다,국민신문고,환경위생과,과태료 부과,010-8804-8498,780910,Y,
D1065,26.07.17,26.07.23,완료,바람동,새올구 바람동 787-31번지,37.541563,126.942076,지난번에 말한 곳입니다,국민신문고,환경위생과,현장 정비,010-6156-2759,550801,N,
D9004,2025-10-05,2025-10-14,완료,노을동,노을동 대학가 원룸 밀집지,37.557794,126.91375,분리수거함이 넘쳐서 주변 바닥까지 쌓였습니다,구청 홈페이지,환경위생과,계도 조치,010-6454-2657,870614,N,
D1079,2026-02-02,2026-02-07,완료,햇살동,새올구 햇살동 햇살로 21길 4,37.546008,126.930592,규격 봉투를 안 쓰고 마대에 담아 그대로 내놨습니다,전화,환경위생과,현장 정비,010-8394-4218,670801,N,
D1024,2026/05/18,2026/05/21,완료,노을동,새올구 노을동 노을로 23길 35,37.552319,126.889336,수거함 옆에 종량제 봉투가 열 개 넘게 쌓여 있습니다,구청 홈페이지,환경위생과,현장 정비,010-4978-9790,760520,N,
D1103,2026-08-19,2026-08-26,완료,물결동,물결동 하천 산책로 입구,37.551462,126.947727,상가에서 나온 폐식용유 통과 박스가 매일 같은 자리에 쌓입니다,국민신문고,환경위생과,계도 조치,010-2672-3518,930110,Y,
D1068,2026년 5월 24일,2026년 5월 27일,완료,별빛동,새올구 별빛동 별빛로 1길 39,37.551351,126.930017,카페 영업 쓰레기를 종량제 없이 주택가에 버리고 갑니다,방문,환경위생과,현장 정비,010-7428-5300,560709,N,
D1144,26.03.02,26.03.05,완료,별빛동,새올구 별빛동 별빛로 2길 37,37.543198,126.926222,새벽 두 시쯤 차를 세우고 쓰레기만 버리고 갑니다,국민신문고,환경위생과,수거 후 안내문 부착,010-2890-5849,030713,Y,
D1022,2026-06-06,,처리중,바람동,새올구 바람동 바람로 11길 84,37.520517,126.918872,규격 봉투를 안 쓰고 마대에 담아 그대로 내놨습니다,모바일앱,환경위생과,,010-2718-1619,880116,N,
D1147,2026-08-20,2026-08-25,완료,물결동,물결동 일대,37.548222,126.94716,상가에서 나온 폐식용유 통과 박스가 매일 같은 자리에 쌓입니다,전화,환경위생과,현장 정비,010-3738-6159,750416,N,
D1161,2025-11-23,2025-11-30,완료,별빛동,별빛동 재래시장 뒤 골목,37.554146,126.913892,수거함 옆에 종량제 봉투가 열 개 넘게 쌓여 있습니다,모바일앱,환경위생과,과태료 부과,010-6912-5037,000811,Y,
D1171,2025-09-08,2025-09-19,완료,노을동,새올구 노을동 680-2번지,37.562848,126.925552,분리수거함이 넘쳐서 주변 바닥까지 쌓였습니다,모바일앱,환경위생과,계도 조치,010-5138-7317,571204,N,
D1101,2025-09-05,2025-09-07,완료,들녘동,새올구 들녘동 481-12번지,37.538659,126.937236,인근 식당에서 나온 영업 쓰레기를 주택가 수거함 옆에 내놓습니다,방문,환경위생과,수거 완료,010-6123-9862,651027,N,
D1055,2026-07-20,2026-07-27,완료,바람동,새올구 바람동 바람로 15길 47,37.527362,126.941777,장롱과 책상이 스티커 없이 버려져 통행에 방해가 됩니다,전화,자원순환과,수거 완료,010-5738-4230,610804,N,
D1128,2026-01-04,2026-01-13,완료,별빛동,새올구 별빛동 196-19번지,37.543278,126.926792,냄새가 너무 심합니다,전화,자원순환과,과태료 부과,010-9315-5717,550718,N,
D1097,2026-01-11,,접수,들녘동,새올구 들녘동 826-23번지,37.553075,126.94239,새벽 두 시쯤 차를 세우고 쓰레기만 버리고 갑니다,구청 홈페이지,환경위생과,,010-9948-1530,600411,N,
D1038,2026-08-13,2026-08-18,완료,햇살동,새올구 햇살동 햇살로 2길 66,37.574595,126.930769,재활용과 음식물이 한 봉지에 들어 있어 수거가 안 된 채 방치돼 있습니다,전화,환경위생과,과태료 부과,010-3445-3666,630516,N,
D1169,2026/07/31,2026/08/07,완료,들녘동,들녘동 일대,37.531602,126.923378,장롱과 책상이 스티커 없이 버려져 통행에 방해가 됩니다,모바일앱,자원순환과,현장 정비,010-7563-8176,910311,N,
D1151,2026-03-26,2026-03-27,완료,숲길동,새올구 숲길동 숲길로 20길 26,37.566958,126.936792,박스와 스티로폼이 분리되지 않은 채 쌓여 있습니다,국민신문고,환경위생과,현장 정비,010-7073-6826,610716,N,
D1158,2026-05-14,2026-05-16,완료,물결동,새올구 물결동 594-10번지,37.55165,126.947216,냉장고 한 대가 일주일째 그대로 서 있습니다,모바일앱,자원순환과,수거 후 안내문 부착,010-4874-3162,010727,Y,
D1111,2026-03-03,2026-03-06,완료,노을동,노을동 일대,37.566583,126.907154,유리병과 캔이 종이류와 함께 묶여 있어 수거가 안 됩니다,전화,환경위생과,수거 완료,010-2043-9315,600209,N,
D1029,2026-05-18,2026-05-20,완료,,들녘동 일대,37.535746,126.951242,유리병과 캔이 종이류와 함께 묶여 있어 수거가 안 됩니다,모바일앱,환경위생과,수거 후 안내문 부착,010-6963-1919,780612,N,
D1107,2025/09/03,,접수,노을동,새올구 노을동 노을로 14길 29,37.562843,126.921256,냉장고 한 대가 일주일째 그대로 서 있습니다,모바일앱,자원순환과,,010-3452-5720,570116,N,
D1142,2026/04/20,2026/04/24,완료,물결동,물결동 전통시장 주차장,37.540232,126.958752,상가에서 나온 폐식용유 통과 박스가 매일 같은 자리에 쌓입니다,구청 홈페이지,환경위생과,과태료 부과,010-2597-6641,991102,Y,
D1064,2026-03-16,,접수,숲길동,새올구 숲길동 660-8번지,37.55289,126.926885,종량제 봉투가 아닌 일반 비닐봉지에 음식물까지 섞어서 버려 놨습니다,전화,환경위생과,,010-2009-9345,740711,Y,
D1102,2026-05-26,2026-06-01,완료,물결동,물결동 전통시장 주차장,37.540546,126.958833,유리병과 캔이 종이류와 함께 묶여 있어 수거가 안 됩니다,구청 홈페이지,환경위생과,수거 후 안내문 부착,010-6857-8356,930911,N,
D9008,26.04.18,26.04.19,완료,숲길동,새올구 숲길동 숲길로 17길 60,37.57427,126.899545,새벽 두 시쯤 차를 세우고 쓰레기만 버리고 갑니다,국민신문고,환경위생과,수거 후 안내문 부착,010-7759-6512,980417,N,
D1051,2026/01/31,2026/02/09,완료,햇살동,새올구 햇살동 461-35번지,37.574573,126.949075,분리수거함이 넘쳐서 주변 바닥까지 쌓였습니다,모바일앱,환경위생과,현장 정비,010-2328-6723,850621,N,
D1116,2026년 3월 17일,2026년 3월 21일,완료,바람동,새올구 바람동 바람로 9길 2,37.541609,126.918818,페트병에 내용물이 남은 채로 다른 재활용품과 섞여 있습니다,구청 홈페이지,환경위생과,계도 조치,010-4617-4436,921020,N,
D1067,2025/10/01,2025/10/04,완료,물결동,새올구 물결동 물결로 23길 73,37.555357,126.938254,,국민신문고,환경위생과,수거 후 안내문 부착,010-7690-6498,970918,N,
D1063,26.01.08,26.01.10,완료,물결동,새올구 물결동 물결로 10길 53,37.551486,126.947746,장롱과 책상이 스티커 없이 버려져 통행에 방해가 됩니다,전화,자원순환과,과태료 부과,010-7651-3103,950925,Y,
D1152,2026/04/18,2026/04/25,완료,노을동,노을동 대학가 원룸 밀집지,37.557393,126.913605,냉장고 한 대가 일주일째 그대로 서 있습니다,전화,자원순환과,수거 완료,010-5057-8662,001218,Y,
D1170,2025-11-12,2025-11-16,완료,숲길동,새올구 숲길동 628-11번지,37.577546,126.904113,빨리 좀 치워 주세요,방문,환경위생과,수거 완료,010-5355-8680,720920,N,
D1179,26.08.20,26.08.31,완료,숲길동,새올구 숲길동 숲길로 2길 88,37.577711,126.931533,수거함 옆에 종량제 봉투가 열 개 넘게 쌓여 있습니다,전화,환경위생과,계도 조치,010-9280-4266,720906,N,
D1159,2026-05-22,2026-05-24,완료,햇살동,햇살동 일대,37.560299,126.94426,상가에서 나온 폐식용유 통과 박스가 매일 같은 자리에 쌓입니다,국민신문고,환경위생과,수거 후 안내문 부착,010-7302-1863,640801,N,
D1129,26.03.06,26.03.11,완료,햇살동,새올구 햇살동 194-25번지,37.54991,126.930542,소파와 매트리스를 배출 스티커 없이 길가에 내놨습니다,모바일앱,자원순환과,계도 조치,010-1003-2572,830728,N,
D1023,2026-02-08,2026-02-13,완료,햇살동,새올구 햇살동 햇살로 17길 5,37.560547,126.930352,장롱과 책상이 스티커 없이 버려져 통행에 방해가 됩니다,구청 홈페이지,자원순환과,현장 정비,010-1769-9918,631003,N,
D1061,2025-11-18,2025-11-29,완료,별빛동,새올구 별빛동 825-27번지,37.558739,126.916406,종량제 봉투가 아닌 일반 비닐봉지에 음식물까지 섞어서 버려 놨습니다,방문,환경위생과,수거 후 안내문 부착,010-3689-2826,800525,Y,
D1167,2026-02-28,2026-03-11,완료,숲길동,숲길동 초등학교 담장길,37.560374,126.915275,인근 식당에서 나온 영업 쓰레기를 주택가 수거함 옆에 내놓습니다,모바일앱,환경위생과,현장 정비,010-5397-8247,890613,Y,
D1132,2025-10-27,2025-11-02,완료,물결동,새올구 물결동 167-15번지,37.555585,126.952137,카페 영업 쓰레기를 종량제 없이 주택가에 버리고 갑니다,전화,환경위생과,현장 정비,010-3086-9074,680909,N,
D1112,2026/02/06,2026/02/12,완료,별빛동,별빛동 일대,37.562478,126.902954,박스와 스티로폼이 분리되지 않은 채 쌓여 있습니다,모바일앱,환경위생과,수거 후 안내문 부착,010-8873-1293,980707,N,
D1148,2026-06-18,,처리중,햇살동,새올구 햇살동 햇살로 5길 35,37.546268,126.92577,상가에서 나온 폐식용유 통과 박스가 매일 같은 자리에 쌓입니다,구청 홈페이지,환경위생과,,010-3142-9346,841106,N,
D1026,2025-09-04,,처리중,노을동,새올구 노을동 노을로 24길 12,37.551785,126.925736,냉장고 한 대가 일주일째 그대로 서 있습니다,전화,자원순환과,,010-4447-4706,780717,N,
D1095,2026/01/27,2026/01/29,완료,별빛동,새올구 별빛동 323-2번지,37.540518,126.917551,수거함 문이 닫히지 않을 만큼 차 있는데 며칠째 수거가 안 됩니다,구청 홈페이지,환경위생과,계도 조치,010-1882-2492,610328,Y,
D1083,2026-04-06,2026-04-08,완료,숲길동,숲길동 아파트 후문 수거함,37.570504,126.925239,,전화,환경위생과,수거 후 안내문 부착,010-2220-4804,710812,N,
D1126,2025-11-04,2025-11-07,완료,바람동,바람동 공영주차장 경계,37.527326,126.93521,종량제 봉투가 아닌 일반 비닐봉지에 음식물까지 섞어서 버려 놨습니다,구청 홈페이지,환경위생과,수거 후 안내문 부착,010-2762-6236,701019,N,
D1123,2026/03/22,2026/03/25,완료,별빛동,별빛동 재래시장 뒤 골목,37.554292,126.914214,박스와 스티로폼이 분리되지 않은 채 쌓여 있습니다,모바일앱,환경위생과,과태료 부과,010-5581-1564,950318,N,
D1178,2026-06-04,2026-06-08,완료,노을동,노을동 대학가 원룸 밀집지,37.557497,126.913683,냉장고 한 대가 일주일째 그대로 서 있습니다,국민신문고,자원순환과,현장 정비,010-5627-4556,600208,Y,
D1063,26.01.08,26.01.10,완료,물결동,새올구 물결동 물결로 10길 53,37.551486,126.947746,장롱과 책상이 스티커 없이 버려져 통행에 방해가 됩니다,전화,자원순환과,과태료 부과,010-7651-3103,950925,Y,
D1036,2025-12-11,2025-12-14,완료,물결동,새올구 물결동 393-28번지,37.559073,126.96134,분리수거함이 넘쳐서 주변 바닥까지 쌓였습니다,모바일앱,환경위생과,과태료 부과,010-6480-1765,910803,N,
D9003,25.12.11,25.12.17,완료,바람동,새올구 바람동 바람로 24길 1,37.545113,126.923537,소파와 매트리스를 배출 스티커 없이 길가에 내놨습니다,전화,자원순환과,과태료 부과,010-5736-8236,980905,N,
D1073,2026-06-08,2026-06-17,완료,별빛동,새올구 별빛동 별빛로 21길 26,37.540595,126.939383,카페 영업 쓰레기를 종량제 없이 주택가에 버리고 갑니다,전화,환경위생과,수거 완료,010-6108-6988,660827,Y,
D1077,2026/01/06,2026/01/04,완료,물결동,새올구 물결동 물결로 8길 45,37.558707,126.942973,냄새가 너무 심합니다,모바일앱,환경위생과,현장 정비,010-3025-3186,840508,N,
D1012,2026-01-05,,접수,노을동,새올구 노을동 215-37번지,37.551702,126.89866,재활용과 음식물이 한 봉지에 들어 있어 수거가 안 된 채 방치돼 있습니다,모바일앱,환경위생과,,010-1856-4468,020820,N,
D1183,2025-11-14,2025-11-17,완료,노을동,새올구 노을동 노을로 10길 42,37.557323,126.913752,페트병에 내용물이 남은 채로 다른 재활용품과 섞여 있습니다,전화,환경위생과,과태료 부과,010-9219-7630,670101,N,
D1114,2026/07/24,2026/07/27,완료,별빛동,별빛동 고가교 하부,37.55709,126.923375,인근 식당에서 나온 영업 쓰레기를 주택가 수거함 옆에 내놓습니다,구청 홈페이지,환경위생과,수거 후 안내문 부착,010-3574-5770,800708,Y,
D1054,2026-01-16,2026-01-21,완료,숲길동,새올구 숲길동 숲길로 19길 69,37.556123,126.899971,장롱과 책상이 스티커 없이 버려져 통행에 방해가 됩니다,구청 홈페이지,자원순환과,현장 정비,010-1652-1356,980319,N,
D1011,2025/09/04,2025/09/09,완료,별빛동,별빛동 근린공원 후문,37.551089,126.929592,수거함 옆에 종량제 봉투가 열 개 넘게 쌓여 있습니다,국민신문고,환경위생과,현장 정비,010-2283-5424,940907,Y,
D1090,2026/07/06,2026/07/25,완료,들녘동,새올구 들녘동 들녘로 9길 56,37.542326,126.955706,재활용과 음식물이 한 봉지에 들어 있어 수거가 안 된 채 방치돼 있습니다,전화,환경위생과,수거 후 안내문 부착,010-3772-1123,800308,N,
D1135,2025-10-23,2025-11-01,완료,들녘동,들녘동 일대,37.535626,126.937158,,국민신문고,환경위생과,수거 완료,010-3067-8896,620409,N,
D1120,2025-09-09,2025-09-11,완료,물결동,물결동 전통시장 주차장,37.540577,126.958987,너무 지저분합니다,국민신문고,환경위생과,계도 조치,010-1568-3239,930209,Y,
D1028,2025/10/26,,처리중,물결동,새올구 물결동 541-40번지,37.533751,126.956465,재활용과 음식물이 한 봉지에 들어 있어 수거가 안 된 채 방치돼 있습니다,전화,환경위생과,,010-5472-8446,750222,N,
D1033,2026-07-27,2026-07-30,완료,물결동,새올구 물결동 물결로 8길 14,37.530437,126.970528,박스와 스티로폼이 분리되지 않은 채 쌓여 있습니다,전화,환경위생과,수거 완료,010-7628-3740,870806,N,
D1005,2026-08-22,2026-08-18,완료,물결동,새올구 물결동 물결로 24길 7,37.547793,126.952135,수거함 문이 닫히지 않을 만큼 차 있는데 며칠째 수거가 안 됩니다,구청 홈페이지,환경위생과,현장 정비,010-7661-8114,750112,N,
D1109,2025-11-09,,처리중,물결동,새올구 물결동 789-5번지,37.529972,126.947257,또 그 자리입니다,국민신문고,환경위생과,,010-7889-9696,010505,N,
D1130,2026-08-28,2026-08-31,완료,숲길동,새올구 숲길동 숲길로 21길 19,37.57068,126.899684,페트병에 내용물이 남은 채로 다른 재활용품과 섞여 있습니다,모바일앱,환경위생과,현장 정비,010-9526-7944,760210,Y,
D1018,2025-10-06,2025-10-13,완료,별빛동,별빛동 상가 이면도로,37.540753,126.917376,카페 영업 쓰레기를 종량제 없이 주택가에 버리고 갑니다,국민신문고,환경위생과,수거 완료,010-4403-4121,970404,Y,
D1163,2026-01-11,2026-01-12,완료,숲길동,새올구 숲길동 숲길로 13길 47,37.581559,126.931474,규격 봉투를 안 쓰고 마대에 담아 그대로 내놨습니다,구청 홈페이지,환경위생과,수거 완료,010-4601-6372,990517,N,
D1001,2025/09/11,,접수,들녘동,새올구 들녘동 들녘로 8길 24,,,확인 바랍니다,모바일앱,환경위생과,,010-6244-6839,910224,N,좌표 미확인
